<?xml version="1.0" encoding="utf-8"?>
<!--/2446508/1708810/2.50/4/4/Switch/-->
<quadcept_library>
  <setting unit="mil" />
  <textstyle name="Default" height="47.244094488189" strokewidth="7.8740157480315" charwidth="47.244094488189" />
  <textstyle name="Dimension" height="19.6850393700787" strokewidth="0" charwidth="19.6850393700787" />
  <textstyle name="H127W0635TH00762" height="50" strokewidth="3" charwidth="25" />
  <textstyle name="H15W15TH02" height="59.0551181102362" strokewidth="7.8740157480315" charwidth="59.0551181102362" />
  <padstyle name="r105_90" surface="True" plated="False" isvia="False" nopaste="False" nomask="True" complex="False" holesize="0">
    <padshape layer="TOP" shape="rectangle" width="35.433070866141" height="41.338582677165" />
    <padshape layer="TOP_SOLDER_MASK" shape="rectangle" width="43.307086614173" height="49.212598425196" />
    <padshape layer="TOP_SOLDER_PASTE" shape="rectangle" width="35.433070866141" height="41.338582677165" />
  </padstyle>
  <footprint name="SKTHAHE010" originx="0" originy="0" pickpointx="0" pickpointy="0">
    <pcbpin number="1" name="1" style="r105_90" originx="-77.75590551181" originy="-25.590551181102" rotation="90" />
    <pcbpin number="2" name="2" style="r105_90" originx="77.75590551181" originy="-25.590551181102" rotation="90" />
    <pcbpin number="3" name="3" style="r105_90" originx="-77.75590551181" originy="25.590551181102" rotation="90" />
    <pcbpin number="4" name="4" style="r105_90" originx="77.75590551181" originy="25.590551181102" rotation="90" />
    <line layer="TOP_ASSEMBLY" originx="-68.897637795275" originy="-62.992125984251" endx="68.897637795275" endy="-62.992125984251" width="7.8740157480314" />
    <line layer="TOP_ASSEMBLY" originx="68.897637795275" originy="-62.992125984251" endx="68.897637795275" endy="62.992125984251" width="7.8740157480314" />
    <line layer="TOP_ASSEMBLY" originx="68.897637795275" originy="62.992125984251" endx="-68.897637795275" endy="62.992125984251" width="7.8740157480314" />
    <line layer="TOP_ASSEMBLY" originx="-68.897637795275" originy="62.992125984251" endx="-68.897637795275" endy="-62.992125984251" width="7.8740157480314" />
    <line layer="TOP_SILKSCREEN" originx="-68.897637795275" originy="62.992125984251" endx="68.897637795275" endy="62.992125984251" width="3.9370078740157" />
    <line layer="TOP_SILKSCREEN" originx="68.897637795275" originy="62.992125984251" endx="68.897637795275" endy="62.992125984251" width="3.9370078740157" />
    <line layer="TOP_SILKSCREEN" originx="68.897637795275" originy="62.992125984251" endx="-68.897637795275" endy="62.992125984251" width="3.9370078740157" />
    <line layer="TOP_SILKSCREEN" originx="-68.897637795275" originy="62.992125984251" endx="-68.897637795275" endy="62.992125984251" width="3.9370078740157" />
    <line layer="TOP_SILKSCREEN" originx="-68.897637795275" originy="-62.992125984251" endx="68.897637795275" endy="-62.992125984251" width="3.9370078740157" />
    <line layer="TOP_SILKSCREEN" originx="68.897637795275" originy="-62.992125984251" endx="68.897637795275" endy="-62.992125984251" width="3.9370078740157" />
    <line layer="TOP_SILKSCREEN" originx="68.897637795275" originy="-62.992125984251" endx="-68.897637795275" endy="-62.992125984251" width="3.9370078740157" />
    <line layer="TOP_SILKSCREEN" originx="-68.897637795275" originy="-62.992125984251" endx="-68.897637795275" endy="-62.992125984251" width="3.9370078740157" />
    <line layer="TOP_PLACE_BOUND" originx="-165.35433070866" originy="102.36220472441" endx="137.79527559055" endy="102.36220472441" width="3.9370078740157" />
    <line layer="TOP_PLACE_BOUND" originx="137.79527559055" originy="102.36220472441" endx="137.79527559055" endy="-102.36220472441" width="3.9370078740157" />
    <line layer="TOP_PLACE_BOUND" originx="137.79527559055" originy="-102.36220472441" endx="-165.35433070866" endy="-102.36220472441" width="3.9370078740157" />
    <line layer="TOP_PLACE_BOUND" originx="-165.35433070866" originy="-102.36220472441" endx="-165.35433070866" endy="102.36220472441" width="3.9370078740157" />
    <line layer="TOP_SILKSCREEN" originx="-125.9842519685" originy="-29.527559055118" endx="-125.9842519685" endy="-29.527559055118" width="7.8740157480314" />
    <arc layer="TOP_SILKSCREEN" originx="-124.01574803149" originy="-29.527559055118" startangle="180.0" sweepangle="180.0" radius="1.9685039370079" width="7.8740157480314" />
    <line layer="TOP_SILKSCREEN" originx="-122.04724409449" originy="-29.527559055118" endx="-122.04724409449" endy="-29.527559055118" width="7.8740157480314" />
    <arc layer="TOP_SILKSCREEN" originx="-124.01574803149" originy="-29.527559055118" startangle=".0" sweepangle="180.0" radius="1.9685039370079" width="7.8740157480314" />
    <line layer="TOP_SILKSCREEN" originx="-125.9842519685" originy="-29.527559055118" endx="-125.9842519685" endy="-29.527559055118" width="7.8740157480314" />
    <arc layer="TOP_SILKSCREEN" originx="-124.01574803149" originy="-29.527559055118" startangle="180.0" sweepangle="180.0" radius="1.9685039370079" width="7.8740157480314" />
  </footprint>
  <symbol name="SKTHAHE010" originx="0" originy="0">
    <line originx="200" originy="100" endx="600" endy="100" width="0" />
    <line originx="600" originy="-200" endx="600" endy="100" width="0" />
    <line originx="600" originy="-200" endx="200" endy="-200" width="0" />
    <line originx="200" originy="100" endx="200" endy="-200" width="0" />
    <sympin number="1" originx="200" originy="-100" rotation="180" length="100" width="7.8740157480315" flipped="False">
      <text name="pinname" originx="230" originy="-100" style="Default" rotation="0" justify="left" flipped="False" hidden="False" data="1" />
      <text name="pindes" originx="140" originy="-80" style="Default" rotation="0" justify="lowerright" flipped="False" hidden="False" data="1" />
    </sympin>
    <sympin number="2" originx="600" originy="-100" rotation="0" length="100" width="7.8740157480315" flipped="False">
      <text name="pinname" originx="570" originy="-100" style="Default" rotation="0" justify="right" flipped="False" hidden="False" data="2" />
      <text name="pindes" originx="660" originy="-80" style="Default" rotation="0" justify="lowerleft" flipped="False" hidden="False" data="2" />
    </sympin>
    <sympin number="3" originx="200" originy="0" rotation="180" length="100" width="7.8740157480315" flipped="False">
      <text name="pinname" originx="230" originy="0" style="Default" rotation="0" justify="left" flipped="False" hidden="False" data="3" />
      <text name="pindes" originx="140" originy="20" style="Default" rotation="0" justify="lowerright" flipped="False" hidden="False" data="3" />
    </sympin>
    <sympin number="4" originx="600" originy="0" rotation="0" length="100" width="7.8740157480315" flipped="False">
      <text name="pinname" originx="570" originy="0" style="Default" rotation="0" justify="right" flipped="False" hidden="False" data="4" />
      <text name="pindes" originx="660" originy="20" style="Default" rotation="0" justify="lowerleft" flipped="False" hidden="False" data="4" />
    </sympin>
  </symbol>
  <component name="SKTHAHE010" designatorprefix="S" height="78.740157480314" footprint="SKTHAHE010">
    <comppin designator="1" sympin="1" pinswap="0" gateswap="0" gate="1" group="1" side="" type="Any" name="1" />
    <comppin designator="2" sympin="2" pinswap="0" gateswap="0" gate="1" group="1" side="" type="Any" name="2" />
    <comppin designator="3" sympin="3" pinswap="0" gateswap="0" gate="1" group="1" side="" type="Any" name="3" />
    <comppin designator="4" sympin="4" pinswap="0" gateswap="0" gate="1" group="1" side="" type="Any" name="4" />
    <attached_symbol gate="1" name="SKTHAHE010" />
    <pinmap designator="1" footprintpin="1" />
    <pinmap designator="2" footprintpin="2" />
    <pinmap designator="3" footprintpin="3" />
    <pinmap designator="4" footprintpin="4" />
    <text name="Datasheet" originx="0" originy="0" style="Default" rotation="0" justify="" flipped="False" hidden="True" data="https://tech.alpsalpine.com/e/products/detail/SKTHAHE010/" />
    <text name="Description" originx="0" originy="0" style="Default" rotation="0" justify="" flipped="False" hidden="True" data="Tactile Switches H 1.8mm, 3.0N" />
    <text name="Mouser Part Number" originx="0" originy="0" style="Default" rotation="0" justify="" flipped="False" hidden="True" data="688-SKTHAHE010" />
    <text name="Mouser Price/Stock" originx="0" originy="0" style="Default" rotation="0" justify="" flipped="False" hidden="True" data="https://www.mouser.co.uk/ProductDetail/Alps-Alpine/SKTHAHE010?qs=T3oQrply3y8NYoSxPHM%252Buw%3D%3D" />
    <text name="Manufacturer_Name" originx="0" originy="0" style="Default" rotation="0" justify="" flipped="False" hidden="True" data="ALPS Electric" />
    <text name="Manufacturer_Part_Number" originx="650" originy="200" style="Default" rotation="0" justify="left" flipped="False" hidden="False" data="SKTHAHE010" />
  </component>
</quadcept_library>
