<?xml version="1.0" encoding="utf-8"?>
<!--/325607/1708810/2.50/4/2/Crystal or Oscillator/-->
<quadcept_library>
  <setting unit="mil" />
  <textstyle name="Default" height="47.244094488189" strokewidth="7.8740157480315" charwidth="47.244094488189" />
  <textstyle name="Dimension" height="19.6850393700787" strokewidth="0" charwidth="19.6850393700787" />
  <textstyle name="H127W0635TH00762" height="50" strokewidth="3" charwidth="25" />
  <textstyle name="H15W15TH02" height="59.0551181102362" strokewidth="7.8740157480315" charwidth="59.0551181102362" />
  <padstyle name="r180_140" surface="True" plated="False" isvia="False" nopaste="False" nomask="True" complex="False" holesize="0">
    <padshape layer="TOP" shape="rectangle" width="55.11811023622" height="70.866141732283" />
    <padshape layer="TOP_SOLDER_MASK" shape="rectangle" width="62.992125984251" height="78.740157480314" />
    <padshape layer="TOP_SOLDER_PASTE" shape="rectangle" width="55.11811023622" height="70.866141732283" />
  </padstyle>
  <footprint name="ABMM2" originx="0" originy="0" pickpointx="0" pickpointy="0">
    <pcbpin number="1" name="1" style="r180_140" originx="-86.614173228345" originy="-47.244094488188" rotation="90" />
    <pcbpin number="2" name="2" style="r180_140" originx="86.614173228345" originy="-47.244094488188" rotation="90" />
    <pcbpin number="3" name="3" style="r180_140" originx="86.614173228345" originy="47.244094488188" rotation="90" />
    <pcbpin number="4" name="4" style="r180_140" originx="-86.614173228345" originy="47.244094488188" rotation="90" />
    <line layer="TOP_ASSEMBLY" originx="-118.11023622047" originy="70.866141732283" endx="118.11023622047" endy="70.866141732283" width="7.8740157480314" />
    <line layer="TOP_ASSEMBLY" originx="118.11023622047" originy="70.866141732283" endx="118.11023622047" endy="-70.866141732283" width="7.8740157480314" />
    <line layer="TOP_ASSEMBLY" originx="118.11023622047" originy="-70.866141732283" endx="-118.11023622047" endy="-70.866141732283" width="7.8740157480314" />
    <line layer="TOP_ASSEMBLY" originx="-118.11023622047" originy="-70.866141732283" endx="-118.11023622047" endy="70.866141732283" width="7.8740157480314" />
    <line layer="TOP_SILKSCREEN" originx="-36.929133858267" originy="70.866141732283" endx="36.929133858267" endy="70.866141732283" width="7.8740157480314" />
    <line layer="TOP_SILKSCREEN" originx="-36.929133858267" originy="-70.866141732283" endx="36.929133858267" endy="-70.866141732283" width="7.8740157480314" />
    <arc layer="TOP_SILKSCREEN" originx="-88.661417322834" originy="-97.440944881889" startangle="180" sweepangle="180" radius="1.8374015748031" width="7.8740157480314" />
    <arc layer="TOP_SILKSCREEN" originx="-88.661417322834" originy="-97.440944881889" startangle="180" sweepangle="-180" radius="1.8374015748031" width="7.8740157480314" />
  </footprint>
  <symbol name="ABMM2-32.768MHZ-E2F-T" originx="0" originy="0">
    <line originx="200" originy="100" endx="1000" endy="100" width="0" />
    <line originx="1000" originy="-200" endx="1000" endy="100" width="0" />
    <line originx="1000" originy="-200" endx="200" endy="-200" width="0" />
    <line originx="200" originy="100" endx="200" endy="-200" width="0" />
    <sympin number="1" originx="200" originy="-100" rotation="180" length="100" width="7.8740157480315" flipped="False">
      <text name="pinname" originx="230" originy="-100" style="Default" rotation="0" justify="left" flipped="False" hidden="False" data="X1" />
      <text name="pindes" originx="140" originy="-80" style="Default" rotation="0" justify="lowerright" flipped="False" hidden="False" data="1" />
    </sympin>
    <sympin number="2" originx="1000" originy="-100" rotation="0" length="100" width="7.8740157480315" flipped="False">
      <text name="pinname" originx="970" originy="-100" style="Default" rotation="0" justify="right" flipped="False" hidden="False" data="GND_1" />
      <text name="pindes" originx="1060" originy="-80" style="Default" rotation="0" justify="lowerleft" flipped="False" hidden="False" data="2" />
    </sympin>
    <sympin number="3" originx="1000" originy="0" rotation="0" length="100" width="7.8740157480315" flipped="False">
      <text name="pinname" originx="970" originy="0" style="Default" rotation="0" justify="right" flipped="False" hidden="False" data="X2" />
      <text name="pindes" originx="1060" originy="20" style="Default" rotation="0" justify="lowerleft" flipped="False" hidden="False" data="3" />
    </sympin>
    <sympin number="4" originx="200" originy="0" rotation="180" length="100" width="7.8740157480315" flipped="False">
      <text name="pinname" originx="230" originy="0" style="Default" rotation="0" justify="left" flipped="False" hidden="False" data="GND_2" />
      <text name="pindes" originx="140" originy="20" style="Default" rotation="0" justify="lowerright" flipped="False" hidden="False" data="4" />
    </sympin>
  </symbol>
  <component name="ABMM2-32.768MHZ-E2F-T" designatorprefix="Y" height="47.244094488188" footprint="ABMM2">
    <comppin designator="1" sympin="1" pinswap="0" gateswap="0" gate="1" group="1" side="" type="Any" name="X1" />
    <comppin designator="2" sympin="2" pinswap="0" gateswap="0" gate="1" group="1" side="" type="Any" name="GND_1" />
    <comppin designator="3" sympin="3" pinswap="0" gateswap="0" gate="1" group="1" side="" type="Any" name="X2" />
    <comppin designator="4" sympin="4" pinswap="0" gateswap="0" gate="1" group="1" side="" type="Any" name="GND_2" />
    <attached_symbol gate="1" name="ABMM2-32.768MHZ-E2F-T" />
    <pinmap designator="1" footprintpin="1" />
    <pinmap designator="2" footprintpin="2" />
    <pinmap designator="3" footprintpin="3" />
    <pinmap designator="4" footprintpin="4" />
    <text name="Datasheet" originx="0" originy="0" style="Default" rotation="0" justify="" flipped="False" hidden="True" data="https://abracon.com/Resonators/ABMM2.pdf" />
    <text name="Description" originx="0" originy="0" style="Default" rotation="0" justify="" flipped="False" hidden="True" data="MEMS OSC XO 48.0000MHZ CMOS SMD" />
    <text name="Mouser Part Number" originx="0" originy="0" style="Default" rotation="0" justify="" flipped="False" hidden="True" data="815-ABMM2-32.768E2FT" />
    <text name="Mouser Price/Stock" originx="0" originy="0" style="Default" rotation="0" justify="" flipped="False" hidden="True" data="https://www.mouser.co.uk/ProductDetail/ABRACON/ABMM2-32.768MHZ-E2F-T?qs=gmcn8Ik9O3F06OPHe8pYYg%3D%3D" />
    <text name="Manufacturer_Name" originx="0" originy="0" style="Default" rotation="0" justify="" flipped="False" hidden="True" data="ABRACON" />
    <text name="Manufacturer_Part_Number" originx="1050" originy="200" style="Default" rotation="0" justify="left" flipped="False" hidden="False" data="ABMM2-32.768MHZ-E2F-T" />
  </component>
</quadcept_library>
